candidate_id,source_id,source_file,page_start,page_end,chunk_type,suggested_question_type,generated_question,generated_answer,evidence_quote,warnings,review_status,final_question,final_answer,final_question_type,reviewer_notes
abb_manual_for_induction_motors_and_generators_en::safety_or_constraint::a2021154fd21,abb_manual_for_induction_motors_and_generators_en,abb_manual_for_induction_motors_and_generators_en.pdf,3,3,safety_and_constraint,safety_or_constraint,What safety precaution or limit should I follow for this issue on the ABB motor?,"General safety regulations, specific agreements made for each work site and safety precautions shown in this document must be observed at all times.","General safety regulations, specific agreements made for each work site and safety precautions shown in this
document must be observed at all times.
NOTE: If there are any conflicts between these safety instructions and the user manual, these
safety instructions prevail.",vague_subject_in_question; heading_like_question_subject,revise,What general safety requirements must be followed when working on the ABB motor?,"General safety regulations, work-site-specific agreements, and the safety precautions in the document must always be observed. If these safety instructions conflict with the user manual, the safety instructions prevail.",safety_or_constraint,原问题 this issue 过于模糊；证据充分，建议改成通用安全要求。
abb_manual_for_induction_motors_and_generators_en::definition_or_component_lookup::17c6c30e6b46,abb_manual_for_induction_motors_and_generators_en,abb_manual_for_induction_motors_and_generators_en.pdf,5,5,safety_and_constraint,definition_or_component_lookup,What does terminal refer to on the ABB motor?,voltage to the terminals.,"voltage to the terminals.
The induced voltage is proportional to the rotational speed, and can be hazardous even at low speeds. Prevent any
rotation of the shaft before opening the terminal box and/or working at the unprotected terminals.
WARNING: The terminals of a machine with frequency converter supply may be energized even when",definition_fallback_candidate; short_generated_answer,revise,What must be done before opening the terminal box or working at unprotected terminals on the ABB motor?,"Prevent any rotation of the shaft before opening the terminal box or working at unprotected terminals, because induced voltage can be hazardous even at low speeds.",safety_or_constraint,原问题误判为 definition；应改为安全操作约束。
abb_manual_for_induction_motors_and_generators_en::safety_or_constraint::1ab3ee3b2662,abb_manual_for_induction_motors_and_generators_en,abb_manual_for_induction_motors_and_generators_en.pdf,16,16,safety_and_constraint,safety_or_constraint,What safety precaution or limit should I follow for 1.4.1 Documentation of the machine on the ABB motor?,1.4.1 Documentation of the machine It is recommended that the documentation of the machines is studied carefully before any actions are taken.,"1.4.1 Documentation of the machine
It is recommended that the documentation of the machines is studied carefully before any actions are taken. This
manual and safety instructions are delivered with each machine and is located in a plastic cover attached on the
machine frame.",,revise,What should be done before taking any action on an ABB machine?,The machine documentation should be studied carefully before any actions are taken. The manual and safety instructions are delivered with each machine and are located in a plastic cover attached to the machine frame.,safety_or_constraint,原问题带有章节标题，表达不自然；证据充分，改成文档阅读前置要求。
abb_manual_for_induction_motors_and_generators_en::safety_or_constraint::4d524496038e,abb_manual_for_induction_motors_and_generators_en,abb_manual_for_induction_motors_and_generators_en.pdf,26,26,safety_and_constraint,safety_or_constraint,What safety precaution or limit should I follow for 2.4.1 Check upon arrival on the ABB motor?,The machine and the package must be inspected immediately upon arrival.,"The machine and the package must be inspected immediately upon arrival. Any transport damage must be
photographed and reported immediately, i.e. within less than one (1) week after arrival, if the transport insurance is
to be claimed. It is, therefore, important that evidence of careless handling is checked and reported immediately to
the transport company and the supplier. Use checklists in Appendix Commissioning re",,revise,What should be checked immediately when an ABB machine arrives?,"The machine and package must be inspected immediately upon arrival. Any transport damage should be photographed and reported immediately, within less than one week, if transport insurance is to be claimed.",safety_or_constraint,原问题章节化；改成到货检查要求，答案与证据一致。
abb_manual_for_induction_motors_and_generators_en::troubleshooting_step::f0eae4a77efd,abb_manual_for_induction_motors_and_generators_en,abb_manual_for_induction_motors_and_generators_en.pdf,34,34,troubleshooting_procedure,troubleshooting_step,How should I troubleshoot INSTALLATION AND ALIGNMENT 34 on the ABB motor?,"• Clean the shaft extension of its anti-corrosive coating, and check the measurements of the extension and the coupling against the provided drawings.","• Clean the shaft extension of its anti-corrosive coating, and check the measurements of the extension and the
coupling against the provided drawings. Ensure also that the keyways in the coupling and the shaft extension
are clean and free from burrs.
• Coat the shaft extension and hub bore with a thin layer of oil as to facilitate the mounting of the coupling half.
Never coat mating surfaces with molybdenum disulphid",,revise,What should be checked before mounting the coupling half on an ABB motor shaft extension?,"Clean the shaft extension of anti-corrosive coating, check the shaft extension and coupling measurements against the drawings, ensure the keyways are clean and free from burrs, and coat the shaft extension and hub bore with a thin layer of oil.",troubleshooting_step,原问题把页眉/章节当故障；可改为安装对中前的具体操作步骤。
abb_manual_for_induction_motors_and_generators_en::troubleshooting_step::4cadaa9a7edf,abb_manual_for_induction_motors_and_generators_en,abb_manual_for_induction_motors_and_generators_en.pdf,45,45,troubleshooting_procedure,troubleshooting_step,How should I troubleshoot 1 Radial alignment on the ABB motor?,Figure 26 Alignment check with gauges 4.,"Figure 26 Alignment check with gauges
4. Measure and note readings for parallel, angular and axial misalignment in four different positions: top, bottom,
right and left, i.e. every 90°, while both shafts are turned simultaneously. The readings are recorded.
5. Align the machine vertically by turning the jacking screws or by jacking with hydraulic jacks. To facilitate the
alignment in the vertical plane, jacking screw",,revise,How should radial alignment readings be taken on an ABB motor?,"Measure and record parallel, angular, and axial misalignment in four positions: top, bottom, right, and left, every 90 degrees, while both shafts are turned simultaneously.",troubleshooting_step,原答案截断为图题；证据可支持径向对中读数步骤。
abb_manual_for_induction_motors_and_generators_en::safety_or_constraint::38e74c0b0715,abb_manual_for_induction_motors_and_generators_en,abb_manual_for_induction_motors_and_generators_en.pdf,58,58,safety_and_constraint,safety_or_constraint,What safety precaution or limit should I follow for 5.5.1 General on the ABB motor?,fetime of the winding.,"fetime of the winding. Therefore, thorough
consideration should be made when deciding the temperature trip and alarm levels for the winding.
5.5.2.2 Resistance temperature detectors
Recommended maximum temperature settings:",short_generated_answer,revise,What should be considered when setting winding temperature trip and alarm levels on the ABB motor?,"The settings should be chosen with careful consideration of the winding lifetime, and the recommended maximum temperature settings should be followed.",safety_or_constraint,原答案是截断文本；可从证据中修复为温度报警/跳闸设置注意事项。
abb_manual_for_induction_motors_and_generators_en::safety_or_constraint::76b65b2ae938,abb_manual_for_induction_motors_and_generators_en,abb_manual_for_induction_motors_and_generators_en.pdf,58,58,safety_and_constraint,safety_or_constraint,What safety precaution or limit should I follow for 5.5.1 General on the ABB motor?,"NOTE: In case the machine trips, the reason must be found and eliminated before the machine is restarted.","NOTE: In case the machine trips, the reason must be found and eliminated before the machine
is restarted. In case of an alarm, find the reason and correct the situation. Use the trouble
shooting guide, see Chapter 8.1 Trouble shooting.
Following note for rotor type: Permanent magnet rotor",,revise,What must be done before restarting an ABB machine after a trip or alarm?,"If the machine trips, the reason must be found and eliminated before restarting. In case of an alarm, find the reason and correct the situation, using the troubleshooting guide if needed.",troubleshooting_step,原问题过泛；改为跳闸/报警后的处理要求，更适合故障排查测试。
abb_manual_for_induction_motors_and_generators_en::safety_or_constraint::071e65158851,abb_manual_for_induction_motors_and_generators_en,abb_manual_for_induction_motors_and_generators_en.pdf,65,65,safety_and_constraint,safety_or_constraint,What safety precaution or limit should I follow for 6.1 General on the ABB motor?,NOTE: The safety precautions shown in Safety Instructions must be observed at all times.,"NOTE: The safety precautions shown in Safety Instructions must be observed at all times.
6.3 Number of starts
The number of allowed consecutive starts of direct on line supplied machines depends essentially on the load
characteristics (torque curve vs. rotational speed, inertia), and on the machine type and design. Too many and/or too",,revise,What general safety instruction must be observed when working with the ABB motor?,The safety precautions shown in the Safety Instructions must be observed at all times.,safety_or_constraint,原问题使用章节标题；改成通用安全约束。
abb_manual_for_induction_motors_and_generators_en::symptom_cause::dcee2642d357,abb_manual_for_induction_motors_and_generators_en,abb_manual_for_induction_motors_and_generators_en.pdf,78,78,alarm_fault_code,symptom_cause,What could cause C/D on the ABB motor?,of ALARMS and TRIPS.,"of ALARMS and TRIPS.
Table 8 Initial ALARM and TRIP vibration velocity values for bearing housing vibration in mm/s r.m.s. shows the
initial ALARM and TRIP values for machines based on experience with similar machines. After a period of time the
steady-state baseline value on-site will be established and the ALARM setting should be adjusted accordingly (see
ISO 100816-3).",short_generated_answer; likely_table_broken,revise,How should initial alarm and trip vibration values for ABB motor bearing housing vibration be adjusted after operation?,"Initial alarm and trip values are based on experience with similar machines. After an on-site steady-state baseline is established, the alarm setting should be adjusted accordingly.",troubleshooting_step,原问题 C/D 无意义；表格抽取破碎，但证据能支持“报警/跳闸振动值调整”。
abb_manual_for_induction_motors_and_generators_en::safety_or_constraint::89f91c5c1d95,abb_manual_for_induction_motors_and_generators_en,abb_manual_for_induction_motors_and_generators_en.pdf,86,86,safety_and_constraint,safety_or_constraint,What safety precaution or limit should I follow for 7.6.1 Particular safety instructions for winding maintenance on the ABB motor?,"Some of the hazardous works of the winding maintenance include: • Handling of hazardous solvents, varnishes, and resins.","Some of the hazardous works of the winding maintenance include:
• Handling of hazardous solvents, varnishes, and resins. Hazardous substances are required for cleaning and re-
varnishing windings. These substances can be dangerous if inhaled, swallowed or in any contact with skin or
other organs. Seek proper medical care if an accident occurs.",,revise,What hazardous substances may be involved in ABB motor winding maintenance?,"Winding maintenance may involve hazardous solvents, varnishes, and resins. These substances can be dangerous if inhaled, swallowed, or in contact with skin or other organs, and proper medical care should be sought if an accident occurs.",safety_or_constraint,原问题可用但不够聚焦；改成绕组维护危险物质及安全风险。
abb_manual_for_induction_motors_and_generators_en::symptom_cause::2353ea1d4853,abb_manual_for_induction_motors_and_generators_en,abb_manual_for_induction_motors_and_generators_en.pdf,94,94,alarm_fault_code,symptom_cause,What could cause 7.7.4.5 Carbon dust on the ABB motor?,approach the alarm level.,"approach the alarm level.
If a filter differential pressure monitoring system is being used, the filters should be changed immediately after
a pressure alarm. The alarm level is such that 50% of the air filter surface is obstructed. The operating personnel
should also manually inspect the filters frequently.
Remove the air filters for cleaning. If the surrounding air is sufficiently clean, the filters can be changed",short_generated_answer,revise,When should ABB motor air filters be changed if a filter differential pressure monitoring system is used?,"The filters should be changed immediately after a pressure alarm. The alarm level means about 50% of the air filter surface is obstructed, and operators should also inspect filters frequently.",troubleshooting_step,原问题 Carbon dust 与证据不完全对应；改成过滤器压差报警处理。
abb_manual_for_induction_motors_and_generators_en::troubleshooting_step::700c420e1250,abb_manual_for_induction_motors_and_generators_en,abb_manual_for_induction_motors_and_generators_en.pdf,104,104,troubleshooting_procedure,troubleshooting_step,How should I troubleshoot Observed on the ABB motor?,"• Overload Control system setting Check machine controls, eliminate overload • Overspeed Check actual speed and ABB speed recommendations • Network unbalance Check that network balance fulfils requirements","• Overload Control system setting Check machine controls, eliminate overload
• Overspeed Check actual speed and ABB speed
recommendations
• Network unbalance Check that network balance fulfils
requirements",heading_like_question_subject,revise,"What checks are recommended for overload, overspeed, or network unbalance on the ABB motor?","For overload, check machine controls and eliminate overload. For overspeed, check the actual speed against ABB speed recommendations. For network unbalance, check that the network balance fulfills requirements.",troubleshooting_step,原问题 Observed 过于笼统；证据是故障-检查项列表，可修复。
abb_manual_for_induction_motors_and_generators_en::troubleshooting_step::fc1037e02f62,abb_manual_for_induction_motors_and_generators_en,abb_manual_for_induction_motors_and_generators_en.pdf,112,112,troubleshooting_procedure,troubleshooting_step,How should I troubleshoot 8.4.2 Brush sparking on the ABB motor?,"Always check the following: • Before starting the motor, the linear actuator auxiliary box must be electrically connected and its adjustments checked.","Always check the following:
• Before starting the motor, the linear actuator auxiliary box must be electrically connected and its adjustments
checked. When the cables are connected according to the manual, the function of the linear actuator and
proximity sensors can and must be checked without starting the motor.
• Verify the brushes are in good condition and that they can move freely in the brush holders.",,revise,What should be checked when troubleshooting brush sparking on an ABB motor?,Check that the linear actuator auxiliary box is electrically connected and its adjustments are verified before starting the motor. Also verify that the brushes are in good condition and can move freely in the brush holders.,troubleshooting_step,原答案只覆盖第一条；补全与 brush sparking 直接相关的检查项。
abb_manual_for_induction_motors_and_generators_en::symptom_cause::c754f7398127,abb_manual_for_induction_motors_and_generators_en,abb_manual_for_induction_motors_and_generators_en.pdf,129,129,alarm_fault_code,symptom_cause,What could cause Bearing oil: Manufacturer:__________________ Type:_________________________ on the ABB motor?,"Earth fault setting: no yes, setting: Reverse power setting: no yes, setting: Differential protection setting: no yes, setting: Vibration monitoring: no yes, alarm:__________mm/s, trip:______________mm/s Temperature monitoring: - in stator","Earth fault setting: no yes, setting:
Reverse power setting: no yes, setting:
Differential protection setting: no yes, setting:
Vibration monitoring: no yes, alarm:__________mm/s, trip:______________mm/s
Temperature monitoring: - in stator",,reject,,,symptom_cause,证据是调试/检查表字段，问题主体“Bearing oil...”不是故障症状，无法形成可验证问答。
grundfos_nbe_nbse_nke_tpe_tped_installation_and_operating_instructions::safety_or_constraint::ea7520ef13bf,grundfos_nbe_nbse_nke_tpe_tped_installation_and_operating_instructions,grundfos_nbe_nbse_nke_tpe_tped_installation_and_operating_instructions.pdf,5,5,safety_and_constraint,safety_or_constraint,What safety precaution or limit should I follow for 2.4 Radio communication on the Grundfos pump?,WARNING Falling objects Death or serious personal injury - Secure the product during tr ansportation to prevent,"WARNING
Falling objects
Death or serious personal injury
- Secure the product during tr ansportation to prevent",likely_table_broken,revise,What transportation safety precaution should be followed for the Grundfos pump product?,Secure the product during transportation to prevent falling objects that could cause death or serious personal injury.,safety_or_constraint,原问题错误关联 Radio communication；证据实际是运输防坠落警告。
grundfos_nbe_nbse_nke_tpe_tped_installation_and_operating_instructions::symptom_cause::4236efba7f3c,grundfos_nbe_nbse_nke_tpe_tped_installation_and_operating_instructions,grundfos_nbe_nbse_nke_tpe_tped_installation_and_operating_instructions.pdf,14,14,alarm_fault_code,symptom_cause,What could cause 8.1.1 Pump in differential-pressure control mode on the Grundfos pump?,8.1.4 Resetting of fault indications Reset a fault indication in one of the following ways: • Via the digital input if it has been set to Alarm resetting . • Briefly press or on the pump. This does not change the setting of the pump.,"8.1.4 Resetting of fault indications
Reset a fault indication in one of the following ways:
• Via the digital input if it has been set to Alarm resetting .
• Briefly press or on the pump. This does not change the
setting of the pump.",,revise,How can a fault indication be reset on a Grundfos pump?,"A fault indication can be reset via the digital input if it has been set to alarm resetting, or by briefly pressing the reset/control button on the pump. This does not change the pump setting.",troubleshooting_step,原问题误判为 cause 且主题不匹配；证据实际是故障指示复位方法。
grundfos_nbe_nbse_nke_tpe_tped_installation_and_operating_instructions::definition_or_component_lookup::af6fb52f88f6,grundfos_nbe_nbse_nke_tpe_tped_installation_and_operating_instructions,grundfos_nbe_nbse_nke_tpe_tped_installation_and_operating_instructions.pdf,30,30,parameter_and_configuration,definition_or_component_lookup,What does pump refer to on the Grundfos pump?,"Flow Pump flow Flow, external Temperature Temperature 1 Temperature 2 If you want to use the control mode ""constant differential pressure"", y ou must choose the function","Flow Pump flow Flow, external
Temperature Temperature 1 Temperature 2
If you want to use the control mode ""constant
differential pressure"", y ou must choose the function",definition_fallback_candidate,reject,,,definition_or_component_lookup,证据是表格碎片，不能稳定回答“pump 的定义”；不建议进入测试集。
grundfos_nbe_nbse_nke_tpe_tped_installation_and_operating_instructions::safety_or_constraint::9c817b6ec7e1,grundfos_nbe_nbse_nke_tpe_tped_installation_and_operating_instructions,grundfos_nbe_nbse_nke_tpe_tped_installation_and_operating_instructions.pdf,38,38,safety_and_constraint,safety_or_constraint,What safety precaution or limit should I follow for English (US) on the Grundfos pump?,"re open, the pump either stops or runs a t the normal setpoint. Set the desired action with Grundfos GO or wit h the advanced control panel. Factory setting","re open, the pump either stops or runs a t the
normal setpoint. Set the desired action with Grundfos GO or wit h
the advanced control panel.
Factory setting",,reject,,,safety_or_constraint,证据开头截断且缺少明确对象；无法稳定判断“open”对应的输入/状态。
grundfos_nbe_nbse_nke_tpe_tped_installation_and_operating_instructions::definition_or_component_lookup::bf9b951e7105,grundfos_nbe_nbse_nke_tpe_tped_installation_and_operating_instructions,grundfos_nbe_nbse_nke_tpe_tped_installation_and_operating_instructions.pdf,39,39,safety_and_constraint,definition_or_component_lookup,What does pump refer to on the Grundfos pump?,The function is to monitor the outlet pressure of a pump.,"The function is to monitor the outlet pressure of a pump. If th e
pressure is below 5 bar for more than 5 seconds, a warning must
be given. If the outlet pressure is above 7 bar for more than 8
seconds, you must reset the warning.",definition_fallback_candidate,revise,What does the outlet-pressure monitoring function do on the Grundfos pump?,"It monitors the pump outlet pressure. If pressure is below 5 bar for more than 5 seconds, a warning is given; if outlet pressure is above 7 bar for more than 8 seconds, the warning must be reset.",troubleshooting_step,原问题误判为 pump 定义；证据可支持压力监控功能与阈值。
grundfos_nbe_nbse_nke_tpe_tped_installation_and_operating_instructions::safety_or_constraint::71900f1a592f,grundfos_nbe_nbse_nke_tpe_tped_installation_and_operating_instructions,grundfos_nbe_nbse_nke_tpe_tped_installation_and_operating_instructions.pdf,42,42,safety_and_constraint,safety_or_constraint,What safety precaution or limit should I follow for English (US) on the Grundfos pump?,"11.39 Warning log This menu contains a list of l ogged warnings from the product. The log shows the name of the warning, when the warning occurred and when it was reset.","11.39 Warning log
This menu contains a list of l ogged warnings from the product.
The log shows the name of the warning, when the warning
occurred and when it was reset.",,revise,What information is shown in the Grundfos pump warning log?,"The warning log contains logged warnings from the product and shows the name of each warning, when it occurred, and when it was reset.",parameter_or_fault_code,原问题“English (US)”无意义；证据可改为 warning log 功能说明。
grundfos_nbe_nbse_nke_tpe_tped_installation_and_operating_instructions::symptom_cause::abf8fec4d498,grundfos_nbe_nbse_nke_tpe_tped_installation_and_operating_instructions,grundfos_nbe_nbse_nke_tpe_tped_installation_and_operating_instructions.pdf,43,43,alarm_fault_code,symptom_cause,What could cause 11.41 Assisted pump setup on the Grundfos pump?,easuring uni t according to the sens or specifications. 9. Set the minimum and maximum sensor values according to the sensor specifications. 10. Set the desired setpoint.,"easuring uni t according to the sens or specifications.
9. Set the minimum and maximum sensor values according to
the sensor specifications.
10. Set the desired setpoint.",,reject,,,symptom_cause,证据是 assisted pump setup 的残缺步骤，不是故障原因，且答案开头截断。
grundfos_nbe_nbse_nke_tpe_tped_installation_and_operating_instructions::safety_or_constraint::aa7df94af40f,grundfos_nbe_nbse_nke_tpe_tped_installation_and_operating_instructions,grundfos_nbe_nbse_nke_tpe_tped_installation_and_operating_instructions.pdf,51,51,safety_and_constraint,safety_or_constraint,What safety precaution or limit should I follow for Description Grundfos Eye on the Grundfos pump?,modeOperation Running Ready Alarm Warning The power is off. Off -,"modeOperation Running Ready Alarm Warning
The power is off.
Off
-",likely_table_broken; heading_like_question_subject,revise,What does the Grundfos Eye indicate when the power is off?,"When the power is off, the Grundfos Eye status is Off.",parameter_or_fault_code,原问题 Description Grundfos Eye 不自然；表格轻微破碎但可修复为状态含义。
grundfos_nbe_nbse_nke_tpe_tped_installation_and_operating_instructions::troubleshooting_step::e396eccfa5ff,grundfos_nbe_nbse_nke_tpe_tped_installation_and_operating_instructions,grundfos_nbe_nbse_nke_tpe_tped_installation_and_operating_instructions.pdf,58,58,troubleshooting_procedure,troubleshooting_step,How should I troubleshoot English (US) on the Grundfos pump?,"Note: When connected to a public network, 11 kW motors do not comply with the partial weight ed harmonic distortion (PWHD) requirements of EN 61000-3-12. If required by the distribution network operator, compliance c an be obtained in the following way:","Note: When connected to a public network, 11 kW motors do not
comply with the partial weight ed harmonic distortion (PWHD)
requirements of EN 61000-3-12. If required by the distribution
network operator, compliance c an be obtained in the following
way:",,reject,,,troubleshooting_step,证据是 11 kW 电机谐波合规说明的残缺片段，不是故障排查步骤，答案不完整。
grundfos_nbe_nbse_nke_tpe_tped_installation_and_operating_instructions::troubleshooting_step::5ec1d55e7e4e,grundfos_nbe_nbse_nke_tpe_tped_installation_and_operating_instructions,grundfos_nbe_nbse_nke_tpe_tped_installation_and_operating_instructions.pdf,61,61,troubleshooting_procedure,troubleshooting_step,How should I troubleshoot for Electronically Protected Motors on the Grundfos pump?,Ce produit a été testé selon l es normes national es s'appliquant aux moteurs protégés électroniquement: CSA 22.2 100.04: 2009 (s'applique au Canada uniquement). UL 1004-1: Juin 2011 (s'applique aux États-Unis uniquement). 1.2 Radio communication,"Ce produit a été testé selon l es normes national es s'appliquant
aux moteurs protégés électroniquement:
CSA 22.2 100.04: 2009 (s'applique au Canada uniquement).
UL 1004-1: Juin 2011 (s'applique aux États-Unis uniquement).
1.2 Radio communication",,reject,,,troubleshooting_step,证据为法语认证/标准说明，不是 Electronically Protected Motors 的排查步骤。
haascnc_com_rotary_troubleshooting_guide_ngc::parameter_or_fault_code::2a9222e777c9,haascnc_com_rotary_troubleshooting_guide_ngc,haascnc.com-Rotary - Troubleshooting Guide - NGC.pdf,3,3,alarm_fault_code,parameter_or_fault_code,What does Alarm 5.108 indicate on the Haas rotary unit?,"Alarm 5.108, 6.108 or 7.108 A, B or C AXIS SERVO OVERLOAD The feeds and speeds are too","Alarm 5.108, 6.108 or
7.108 A, B or C AXIS
SERVO OVERLOAD
The feeds and
speeds are too",likely_table_broken,revise,"What does Alarm 5.108, 6.108, or 7.108 indicate on a Haas rotary unit?","It indicates an A, B, or C axis servo overload alarm.",parameter_or_fault_code,证据表格被截断；可保留故障码含义，但不要使用不完整的原因描述。
haascnc_com_rotary_troubleshooting_guide_ngc::symptom_cause::f252e0a6ad0c,haascnc_com_rotary_troubleshooting_guide_ngc,haascnc.com-Rotary - Troubleshooting Guide - NGC.pdf,5,5,alarm_fault_code,symptom_cause,What could cause Alarm 5.423 on the Haas rotary unit?,"Alarm 5.423, 6.423 or 7.423 A, B or C AXIS SECONDARY ENCODER POSITION MISMATCH","Alarm 5.423, 6.423 or
7.423 A, B or C AXIS
SECONDARY
ENCODER POSITION
MISMATCH",likely_table_broken,revise,"What does Alarm 5.423, 6.423, or 7.423 indicate on a Haas rotary unit?","It indicates an A, B, or C axis secondary encoder position mismatch.",parameter_or_fault_code,原问题问 cause，但证据更适合故障码含义。
haascnc_com_rotary_troubleshooting_guide_ngc::parameter_or_fault_code::3aa8dc68a250,haascnc_com_rotary_troubleshooting_guide_ngc,haascnc.com-Rotary - Troubleshooting Guide - NGC.pdf,7,7,alarm_fault_code,parameter_or_fault_code,What does Alarm 5.9923 indicate on the Haas rotary unit?,"CHANNEL FAULT DETECTED Alarm 5.9923, 6.9923 or 7.9923 A, B or C AXIS SOFTWARE","CHANNEL FAULT
DETECTED
Alarm 5.9923, 6.9923
or 7.9923 A, B or C
AXIS SOFTWARE",likely_table_broken,revise,"What does Alarm 5.9923, 6.9923, or 7.9923 indicate on a Haas rotary unit?","It indicates an A, B, or C axis software channel fault detected.",parameter_or_fault_code,证据表格碎片但足以支持故障码含义。
haascnc_com_rotary_troubleshooting_guide_ngc::symptom_cause::b6732d2c249e,haascnc_com_rotary_troubleshooting_guide_ngc,haascnc.com-Rotary - Troubleshooting Guide - NGC.pdf,14,14,alarm_fault_code,symptom_cause,What could cause Alarm 5.9719 on the Haas rotary unit?,(Faulty servo motor encoder.) Refer to Serial Data Communication Faults / Electrical Noise section below.,"(Faulty servo
motor encoder.)
Refer to Serial Data
Communication Faults /
Electrical Noise section below.",likely_table_broken,revise,What could cause Alarm 5.9719 on a Haas rotary unit?,A faulty servo motor encoder could cause the alarm; the guide also points to serial data communication faults or electrical noise for further checks.,symptom_cause,可用；原答案基本有依据，但建议补全表达。
haascnc_com_rotary_troubleshooting_guide_ngc::parameter_or_fault_code::e63f0d3d7441,haascnc_com_rotary_troubleshooting_guide_ngc,haascnc.com-Rotary - Troubleshooting Guide - NGC.pdf,15,15,alarm_fault_code,parameter_or_fault_code,What does Alarm 5.9720 indicate on the Haas rotary unit?,faulty.) (Inspect the cables and connectors. Refer to the Main Processor/Encoder Cable section below.),"faulty.)
(Inspect the cables and
connectors. Refer to the Main
Processor/Encoder Cable section
below.)",likely_table_broken,revise,What should be inspected when troubleshooting the Haas rotary encoder cable or connector fault evidence in this chunk?,"Inspect the cables and connectors, including the Main Processor/Encoder cable section, if the fault persists.",troubleshooting_step,原问题是故障码含义但证据只支持检查动作；建议改成检查步骤。
haascnc_com_rotary_troubleshooting_guide_ngc::symptom_cause::b67dca0b9e92,haascnc_com_rotary_troubleshooting_guide_ngc,haascnc.com-Rotary - Troubleshooting Guide - NGC.pdf,16,16,alarm_fault_code,symptom_cause,What could cause Alarm 5.9720 on the Haas rotary unit?,ENCODER FAULT) (Software has reported an internal fault of a type that is,"ENCODER FAULT)
(Software has
reported an
internal fault of
a type that is",likely_table_broken,revise,"What does Alarm 5.9720, 6.9720, or 7.9720 relate to on a Haas rotary unit?",It relates to an encoder fault where software reports an internal encoder fault.,parameter_or_fault_code,表格破碎但能支持 encoder fault；建议保留为故障码含义。
haascnc_com_rotary_troubleshooting_guide_ngc::parameter_or_fault_code::ae5ec49fa7c2,haascnc_com_rotary_troubleshooting_guide_ngc,haascnc.com-Rotary - Troubleshooting Guide - NGC.pdf,21,21,alarm_fault_code,parameter_or_fault_code,What does Alarm 5.9923 indicate on the Haas rotary unit?,"CHANNEL FAULT DETECTED Alarm 5.9923, 6.9923 or 7.9923 A, B or C AXIS SOFTWARE","CHANNEL FAULT
DETECTED
Alarm 5.9923, 6.9923
or 7.9923 A, B or C
AXIS SOFTWARE",likely_table_broken,reject,,,parameter_or_fault_code,与另一条 Alarm 5.9923 样本重复；不建议保留重复问题。
haascnc_com_rotary_troubleshooting_guide_ngc::parameter_or_fault_code::fd4d003ce487,haascnc_com_rotary_troubleshooting_guide_ngc,haascnc.com-Rotary - Troubleshooting Guide - NGC.pdf,28,28,alarm_fault_code,parameter_or_fault_code,What does Alarm 5.9719 indicate on the Haas rotary unit?,(Faulty servo motor encoder.) Refer to Serial Data Communication Faults / Electrical Noise section below.,"(Faulty servo
motor encoder.)
Refer to Serial Data
Communication Faults /
Electrical Noise section below.",likely_table_broken,reject,,,parameter_or_fault_code,与 Alarm 5.9719 的 cause 样本高度重复；保留一条更清晰的即可。
haascnc_com_rotary_troubleshooting_guide_ngc::symptom_cause::af846e3d1ddc,haascnc_com_rotary_troubleshooting_guide_ngc,haascnc.com-Rotary - Troubleshooting Guide - NGC.pdf,30,30,alarm_fault_code,symptom_cause,What could cause Alarm 5.9720 on the Haas rotary unit?,ENCODER FAULT) (Software has reported an internal fault of a type that is,"ENCODER FAULT)
(Software has
reported an
internal fault of
a type that is",likely_table_broken,reject,,,symptom_cause,与 Alarm 5.9720 样本重复，且证据同样破碎；不建议保留。
haascnc_com_rotary_troubleshooting_guide_ngc::parameter_or_fault_code::894fe23de2a9,haascnc_com_rotary_troubleshooting_guide_ngc,haascnc.com-Rotary - Troubleshooting Guide - NGC.pdf,32,32,alarm_fault_code,parameter_or_fault_code,Which setting or parameter matters for Rotary Pressure Switch testing on the Haas rotary unit?,5.,"5. See if the alarm follows the suspected failed component.
Step 4 can either be done by switching the axis of the pressure switch if it's on a dual axis rotary or moving the
switch to a different rotary if it is on a single axis rotary.
HSG-A 01-18-2023",short_generated_answer,revise,"In Haas rotary pressure switch testing, how can you check whether the alarm follows the suspected failed component?","Switch the pressure switch axis on a dual-axis rotary or move the switch to a different rotary on a single-axis rotary, then see whether the alarm follows the suspected failed component.",troubleshooting_step,原答案只有“5.”，但证据可以修复为压力开关测试步骤。
haascnc_com_rotary_troubleshooting_guide_ngc::parameter_or_fault_code::d3a227ffec6d,haascnc_com_rotary_troubleshooting_guide_ngc,haascnc.com-Rotary - Troubleshooting Guide - NGC.pdf,32,32,alarm_fault_code,parameter_or_fault_code,Which setting or parameter matters for Rotary Pressure Switch testing on the Haas rotary unit?,"""CH 4 [A] axis brake air pressure"".","""CH 4 [A] axis brake air
pressure"". Disconnect the rotary's airline and observe the bit ""CH 4 [A] axis brake air pressure"". If the pressure
sensor changes, then the solenoid is sticking; if the sensor doesn't change, then the switch is sticking.
Note: The channel number you will need to observe will depend on what axis is having the issue. CH4 is for the",,revise,Which diagnostic bit should be observed during Haas rotary pressure switch testing?,"Observe the bit ""CH 4 [A] axis brake air pressure"". The required channel number depends on which axis has the issue; CH4 is for the A axis.",parameter_or_fault_code,原问题基本可用但应更明确为诊断 bit；证据充分。
haascnc_com_rotary_troubleshooting_guide_ngc::symptom_cause::fe1266ade3bb,haascnc_com_rotary_troubleshooting_guide_ngc,haascnc.com-Rotary - Troubleshooting Guide - NGC.pdf,32,32,alarm_fault_code,symptom_cause,What could cause Rotary Pressure Switch testing on the Haas rotary unit?,Rotary Pressure Switch testing Test 1: Exercise the brake a few times.,"Rotary Pressure Switch testing
Test 1: Exercise the brake a few times. The pressure switch can get jammed if it is not used for a while
(example: overnight).
Test 2: Press [Diagnostics], then navigate to the Diagnostics -> MOCON tab and find ""CH 4 [A] axis brake",,revise,What can cause a Haas rotary pressure switch to get jammed?,"The pressure switch can get jammed if it is not used for a while, for example overnight. Exercising the brake a few times is part of the test.",symptom_cause,原问题标题化；改成明确 cause 问题。
haascnc_com_rotary_troubleshooting_guide_ngc::troubleshooting_step::071921dce08a,haascnc_com_rotary_troubleshooting_guide_ngc,haascnc.com-Rotary - Troubleshooting Guide - NGC.pdf,42,42,troubleshooting_procedure,troubleshooting_step,How should I troubleshoot Corrective Action on the Haas rotary unit?,"The O-ring has been removed on current production rotaries, but previous models will need to have it removed in the field. A plug bolt may need to be added, 40-1631 & 49-4101. Go to the TRT70 O-RING REMOVAL procedure for details.","The O-ring has been removed on current production rotaries, but previous models will need to have it removed
in the field. A plug bolt may need to be added, 40-1631 & 49-4101. Go to the TRT70 O-RING
REMOVAL procedure for details.",heading_like_question_subject,revise,What corrective action is recommended for earlier Haas TRT70 rotary models related to the O-ring?,"Previous models may need the O-ring removed in the field, and a plug bolt may need to be added; the guide refers to the TRT70 O-ring removal procedure for details.",troubleshooting_step,原问题 Corrective Action 太泛；证据可支持具体 O-ring 修正动作。
haascnc_com_rotary_troubleshooting_guide_ngc::parameter_or_fault_code::bed3160ba3d5,haascnc_com_rotary_troubleshooting_guide_ngc,haascnc.com-Rotary - Troubleshooting Guide - NGC.pdf,43,43,alarm_fault_code,parameter_or_fault_code,Which setting or parameter matters for Corrective Action on the Haas rotary unit?,crimp.,"crimp. If the cables are connected correctly and not damaged, and the alarm persists, the rotary unit must be
serviced.
For instructions on where to find a rotary repair facility and how to send your rotary unit, go to the HAAS
ROTARY REPAIR CENTER page.",short_generated_answer; heading_like_question_subject,revise,"What should be done if Haas rotary cables are connected correctly, not damaged, and the alarm persists?",The rotary unit must be serviced; the guide points users to the Haas Rotary Repair Center page for repair instructions.,troubleshooting_step,原答案 crimp 是截断；证据后半段可修复为服务/维修动作。
haascnc_com_rotary_troubleshooting_guide_ngc::troubleshooting_step::03681d64735e,haascnc_com_rotary_troubleshooting_guide_ngc,haascnc.com-Rotary - Troubleshooting Guide - NGC.pdf,46,46,maintenance_procedure,troubleshooting_step,How should I troubleshoot HRC Units - Rear Seal Popping Out on the Haas rotary unit?,read to the back of the brake cap and remove it [1].,"read to the back of the brake cap and remove it [1].
The threaded holes should be the ones denoted [2] and should be across from each other.
Using the other bolts on the threaded holes [3] as jacks, turn the bolts on each side evenly, so the plate comes
off.
Make sure to use place plates of some sort [4] to prevent damage to the rotary.",,reject,,,troubleshooting_step,与下一条 HRC 后盖/刹车盖拆卸步骤重复，且本条证据开头截断为“read to...”，不建议保留。
haascnc_com_rotary_troubleshooting_guide_ngc::troubleshooting_step::62cce30b02e2,haascnc_com_rotary_troubleshooting_guide_ngc,haascnc.com-Rotary - Troubleshooting Guide - NGC.pdf,46,46,maintenance_procedure,troubleshooting_step,How should I troubleshoot HRC Units - Rear Seal Popping Out on the Haas rotary unit?,Remove the air supply to the table.,"Remove the air supply to the table.
Place the rotary on its platter face and remove the rear M5 brake bolts.
Use the fixture made to thread to the back of the brake cap and remove it [1].
The threaded holes should be the ones denoted [2] and should be across from each other.",,revise,What are the first steps for removing the rear brake cap on a Haas HRC unit?,"Remove the air supply to the table, place the rotary on its platter face, remove the rear M5 brake bolts, and use the fixture threaded to the back of the brake cap to remove it.",troubleshooting_step,原问题可用但需要聚焦；该条比相邻重复样本证据更完整，建议保留。
haascnc_com_rotary_troubleshooting_guide_ngc::parameter_or_fault_code::252ea66adb96,haascnc_com_rotary_troubleshooting_guide_ngc,haascnc.com-Rotary - Troubleshooting Guide - NGC.pdf,52,52,alarm_fault_code,parameter_or_fault_code,Which setting or parameter matters for Serial Data Communication Faults / Electrical Noise on the Haas rotary unit?,"Serial Data Communication Faults / Electrical Noise Sigma-5 servo motors, non-contact encoders output serial data signal to the control.","Serial Data Communication Faults / Electrical Noise
Sigma-5 servo motors, non-contact encoders output serial data signal to the control. If the serial data signal is
missing or becomes unreliable the control will generate a serial data communication error. Electrical noise can
cause the serial data signal from the encoder to become unreliable and cause false alarms. Follow the
troubleshooting guide below to help elim",,revise,What can cause serial data communication faults or false alarms on a Haas rotary unit?,"If the encoder serial data signal is missing or unreliable, the control generates a serial data communication error. Electrical noise can make the encoder serial data unreliable and cause false alarms.",symptom_cause,原类型为参数不准确；证据实际说明故障原因。
haascnc_com_rotary_troubleshooting_guide_ngc::parameter_or_fault_code::8a19c66e1792,haascnc_com_rotary_troubleshooting_guide_ngc,haascnc.com-Rotary - Troubleshooting Guide - NGC.pdf,52,52,alarm_fault_code,parameter_or_fault_code,Which setting or parameter matters for Serial Data Communication Faults / Electrical Noise on the Haas rotary unit?,"nectors at PCB or at the motor encoder, can cause the serial data to become unreliable.","nectors at PCB or at the motor encoder, can cause the serial data to
become unreliable. Refer to the Main Processor / Encoder Cable section.
4. Loose ground or high voltage power connectors will induce noise into the system.
electrical cabinet check for loose connection at all the ground and high voltage power",,revise,What connection issues can make Haas rotary serial data unreliable?,Loose connectors at the PCB or motor encoder can make serial data unreliable. Loose ground or high-voltage power connectors can also induce noise into the system.,symptom_cause,原问题不够具体；改为连接/接地导致串行数据不可靠的原因。
haascnc_com_rotary_troubleshooting_guide_ngc::troubleshooting_step::b4497110975d,haascnc_com_rotary_troubleshooting_guide_ngc,haascnc.com-Rotary - Troubleshooting Guide - NGC.pdf,53,54,troubleshooting_procedure,troubleshooting_step,How should I troubleshoot Corrective Action on the Haas rotary unit?,Examine the connector [1] on the Maincon.,"Examine the connector [1] on the Maincon. Make sure it is not damaged.
Examine the cable. Look for signs of damage or stiffness. The connector [4] has two housings [2,3] for the
cable pins.
If the pins have been pushed into the motor, you must replace the motor and cable together.
Make sure the cable is firmly connected at both ends. Reseat both connections. Make sure the cable is",heading_like_question_subject,revise,What should be checked on the Maincon connector and cable when troubleshooting a Haas rotary unit?,"Check that the Maincon connector is not damaged, inspect the cable for damage or stiffness, reseat both connections, and replace the motor and cable together if the pins have been pushed into the motor.",troubleshooting_step,原问题 Corrective Action 泛化；证据充分，适合保留。
haascnc_com_rotary_troubleshooting_guide_ngc::symptom_cause::2556087410de,haascnc_com_rotary_troubleshooting_guide_ngc,haascnc.com-Rotary - Troubleshooting Guide - NGC.pdf,55,55,alarm_fault_code,symptom_cause,What could cause Alarm 4011 on the Haas rotary unit?,Faulty Pressure Switch Identification Possible Cause: Potential leak detected inside the enclosure.,"Faulty Pressure Switch Identification
Possible Cause: Potential leak detected inside the enclosure. Alarm 4011 has been triggered.
Corrective Action: If the front rubber plug is missing, it is a clear indication that the pressure switch has failed
and must be replaced.
Note: If the pressure switch is replaced on an HRTSS, the brake must be bled. For brake bleed instructions,",,revise,What is a possible cause of Haas rotary Alarm 4011?,"A possible cause is a potential leak detected inside the enclosure. If the front rubber plug is missing, it clearly indicates that the pressure switch has failed and must be replaced.",symptom_cause,原问题可用；答案补全 corrective implication，使证据更可验证。
rockwell_powerflex_520_series_user_manual_520_um001_en_e::definition_or_component_lookup::68d54b299f98,rockwell_powerflex_520_series_user_manual_520_um001_en_e,rockwell_powerflex_520-series_user_manual_520-um001-en-e.pdf,40,40,parameter_and_configuration,definition_or_component_lookup,What does relay refer to on the PowerFlex 520-series drive?,R1 Relay N.O.,"R1 Relay N.O. Fault Normally open contact for output relay.
t076R2 Relay Common Fault Common for output relay.
R3 Relay N.C. Fault Normally closed contact for output relay.
01 Stop Coast Three wire stop. However, it functions as a stop under all",definition_fallback_candidate; short_generated_answer,revise,"What are the R1, R2, and R3 relay terminals on a PowerFlex 520-series drive?","R1 is the normally open relay contact, R2 is the relay common, and R3 is the normally closed relay contact for the output relay.",definition_or_component_lookup,原问题 relay 定义过泛；改为具体端子含义。
rockwell_powerflex_520_series_user_manual_520_um001_en_e::definition_or_component_lookup::76106ece2c14,rockwell_powerflex_520_series_user_manual_520_um001_en_e,rockwell_powerflex_520-series_user_manual_520-um001-en-e.pdf,43,43,safety_and_constraint,definition_or_component_lookup,What does motor refer to on the PowerFlex 520-series drive?,R1 Relay 1 N.O. Fault Normally open contact for output relay. t076R2 Relay 1 Common Fault Common for output relay. R5 Relay 2 Common Motor Running Common for output relay. t081,"R1 Relay 1 N.O. Fault Normally open contact for output relay. t076R2 Relay 1 Common Fault Common for output relay.
R5 Relay 2 Common Motor
Running Common for output relay.
t081",definition_fallback_candidate; likely_table_broken,revise,What is the R5 Relay 2 Common terminal associated with on the PowerFlex 520-series drive?,R5 is Relay 2 Common and is associated with the Motor Running output relay function.,parameter_or_fault_code,原问题误问 motor 定义；证据实际是继电器端子表。
rockwell_powerflex_520_series_user_manual_520_um001_en_e::safety_or_constraint::2b277ed912b0,rockwell_powerflex_520_series_user_manual_520_um001_en_e,rockwell_powerflex_520-series_user_manual_520-um001-en-e.pdf,53,53,safety_and_constraint,safety_or_constraint,What safety precaution or limit should I follow for Chapter 1 Installation/Wiring on the PowerFlex 520-series drive?,"Chapter 1 Installation/Wiring Electrical Equipment (Safety) Regulations (2016 No. 1101) • EN 61800-5-1 Adjustable speed electric al power drive systems – Part 5-1: Safety requirements – Electr ical, thermal, and energy.","Chapter 1 Installation/Wiring
Electrical Equipment (Safety) Regulations (2016 No. 1101)
• EN 61800-5-1 Adjustable speed electric al power drive systems – Part 5-1:
Safety requirements – Electr ical, thermal, and energy.",,revise,Which safety standards or regulations are referenced for PowerFlex 520-series Installation/Wiring?,"The referenced requirements include the Electrical Equipment (Safety) Regulations 2016 No. 1101 and EN 61800-5-1 for adjustable speed electrical power drive systems, covering electrical, thermal, and energy safety requirements.",safety_or_constraint,原问题泛化为 safety precaution；证据实际是适用法规/标准，改成标准识别问题。
rockwell_powerflex_520_series_user_manual_520_um001_en_e::definition_or_component_lookup::7ca5b764851f,rockwell_powerflex_520_series_user_manual_520_um001_en_e,rockwell_powerflex_520-series_user_manual_520-um001-en-e.pdf,63,63,parameter_and_configuration,definition_or_component_lookup,What does drive refer to on the PowerFlex 520-series drive?,the drive stopped.) 2. Press Esc to display the Basic Display Group parameter number shown on power-,"the drive stopped.)
2.
Press Esc to display the Basic Display
Group parameter number shown on power-",definition_fallback_candidate,revise,How do you display the Basic Display Group parameter number on a PowerFlex 520-series drive?,"With the drive stopped, press Esc to display the Basic Display Group parameter number shown on power-up.",troubleshooting_step,证据是操作步骤，不是 drive 定义；可修复。
rockwell_powerflex_520_series_user_manual_520_um001_en_e::parameter_or_fault_code::a07d968f728d,rockwell_powerflex_520_series_user_manual_520_um001_en_e,rockwell_powerflex_520-series_user_manual_520-um001-en-e.pdf,75,75,parameter_and_configuration,parameter_or_fault_code,What does F605 indicate on the PowerFlex 520-series drive?,Fault 5 Code F605 Fault 6 Code F606 Fault 7 Code F607 Fault 8 Code F608 Fault 9 Code F609,"Fault 5 Code F605
Fault 6 Code F606
Fault 7 Code F607
Fault 8 Code F608
Fault 9 Code F609",likely_table_broken,reject,,,parameter_or_fault_code,F605 在证据中只是 Fault 5 Code 参数编号，不是具体故障含义；不适合作为“F605 indicates what”。
rockwell_powerflex_520_series_user_manual_520_um001_en_e::troubleshooting_step::a81dc9f096c6,rockwell_powerflex_520_series_user_manual_520_um001_en_e,rockwell_powerflex_520-series_user_manual_520-um001-en-e.pdf,90,90,troubleshooting_procedure,troubleshooting_step,How should I troubleshoot A431 on the PowerFlex 520-series drive?,"12 “Aux Fault” When enabled, an F002 “Auxiliary Input” fault occurs when the input is removed. 13 “Clear Fault” When active, clears an active fault. 14 “RampStop,CF” Causes drive to immediately ramp to a stop regardless of how P045 [Stop Mode] is set.","12 “Aux Fault” When enabled, an F002 “Auxiliary Input” fault occurs when the input is removed.
13 “Clear Fault” When active, clears an active fault.
14 “RampStop,CF” Causes drive to immediately ramp to a stop regardless of how P045
[Stop Mode] is set.",,revise,"Which PowerFlex 520 digital input selections relate to auxiliary fault, clear fault, and ramp stop?","Selection 12 ""Aux Fault"" causes an F002 Auxiliary Input fault when the input is removed. Selection 13 ""Clear Fault"" clears an active fault when active. Selection 14 ""RampStop,CF"" causes the drive to ramp to a stop regardless of P045 Stop Mode.",parameter_or_fault_code,原问题误写成 A431 排查；证据为数字输入功能选项表，应改为参数/功能查询。
rockwell_powerflex_520_series_user_manual_520_um001_en_e::symptom_cause::608b86d0937c,rockwell_powerflex_520_series_user_manual_520_um001_en_e,rockwell_powerflex_520-series_user_manual_520-um001-en-e.pdf,95,95,alarm_fault_code,symptom_cause,What could cause A541 on the PowerFlex 520-series drive?,13 “ParamControl” Output is directly controlled by the state of the t077 or t082 [Relay Outx Level].,"13 “ParamControl” Output is directly controlled by the state of the t077 or t082 [Relay Outx Level]. A value of 0 causes the
output to turn off. A value of 1 or greater in this parameter causes the output to turn on. None
14 “NonRec Fault” • Value set in A541 [Auto Rstrt Tries] is exceeded or
• A541 [Auto Rstrt Tries] is not enabled or
• A non-resettable fault has occurred.",,revise,"What conditions can trigger the PowerFlex 520 ""NonRec Fault"" output?","The ""NonRec Fault"" output can occur when A541 [Auto Rstrt Tries] is exceeded, A541 is not enabled, or a non-resettable fault has occurred.",symptom_cause,原问题将 A541 当 cause；证据实际解释 NonRec Fault 的触发条件。
rockwell_powerflex_520_series_user_manual_520_um001_en_e::parameter_or_fault_code::f8b651330f7e,rockwell_powerflex_520_series_user_manual_520_um001_en_e,rockwell_powerflex_520-series_user_manual_520-um001-en-e.pdf,108,108,parameter_and_configuration,parameter_or_fault_code,What does A410 indicate on the PowerFlex 520-series drive?,"Step StepLogic Parameter Related Preset Frequency Parameter (Can be activated independent of StepLogic Parameters) Related StepLogic Time Parameter (Active when L180...L187 Digit 1 or 2 are set to 1, b, C, d, or E) 0 L18","Step StepLogic Parameter Related Preset Frequency Parameter
(Can be activated independent of StepLogic Parameters)
Related StepLogic Time Parameter
(Active when L180...L187 Digit 1 or 2 are set to 1, b, C, d, or E)
0 L180 [Stp Logic 0] A410 [Preset Freq 0] L190 [Stp Logic Time 0]",,revise,"In PowerFlex 520 StepLogic, which parameters are related to A410 [Preset Freq 0]?","For Step 0, L180 [Stp Logic 0] is related to A410 [Preset Freq 0], and L190 [Stp Logic Time 0] is the related StepLogic time parameter.",parameter_or_fault_code,原答案截断；证据支持 StepLogic 参数关系。
rockwell_powerflex_520_series_user_manual_520_um001_en_e::troubleshooting_step::8a855d34f0b9,rockwell_powerflex_520_series_user_manual_520_um001_en_e,rockwell_powerflex_520-series_user_manual_520-um001-en-e.pdf,119,119,troubleshooting_procedure,troubleshooting_step,How should I troubleshoot A437 on the PowerFlex 520-series drive?,dissipate excessive power.,"dissipate excessive power. Parameter settings less than 100% should be carefully evaluated to ensure that the Dynamic
Brake resistor's wattage rating is not exceeded. In general, values less than 90% are not needed. This parameter's setting
is especially important if parameter A437 [DB Resistor Sel] is set to 2 “NoProtection”.
A439 [S Curve %]
Enables a fixed shape S-curve that is applied to the acceleration and dece",short_generated_answer,revise,What caution applies when setting PowerFlex parameter A437 [DB Resistor Sel] to “NoProtection”?,Settings below 100% should be carefully evaluated to ensure the dynamic brake resistor wattage rating is not exceeded; values below 90% are generally not needed.,safety_or_constraint,原答案截断；证据可支持动态制动电阻保护注意事项。
rockwell_powerflex_520_series_user_manual_520_um001_en_e::symptom_cause::af83abc653f8,rockwell_powerflex_520_series_user_manual_520_um001_en_e,rockwell_powerflex_520-series_user_manual_520-um001-en-e.pdf,134,134,alarm_fault_code,symptom_cause,What could cause . on the PowerFlex 520-series drive?,Options 0 “Enabled” (Default) 1“ D i s a b l e d ” A541 [Auto Rstrt Tries] Related Parameters: A542 Sets the maximum number of times the drive attempts to reset a fault and restart.,"Options 0 “Enabled” (Default)
1“ D i s a b l e d ”
A541 [Auto Rstrt Tries] Related Parameters: A542
Sets the maximum number of times the drive attempts to reset a fault and restart. See Chapter 4 for more information on faults and fault codes.
Clear a Type 1 fault and restart the drive.",likely_table_broken,revise,What does PowerFlex parameter A541 [Auto Rstrt Tries] set?,It sets the maximum number of times the drive attempts to reset a fault and restart.,parameter_or_fault_code,原问题主体是“.”，需改为参数 A541；证据可用。
rockwell_powerflex_520_series_user_manual_520_um001_en_e::parameter_or_fault_code::18bf3adfc190,rockwell_powerflex_520_series_user_manual_520_um001_en_e,rockwell_powerflex_520-series_user_manual_520-um001-en-e.pdf,145,145,parameter_and_configuration,parameter_or_fault_code,What does F631 indicate on the PowerFlex 520-series drive?,Chapter 3 Programming and Parameters Fault and Diagnostic Group (continued) F631 [Fault 1 Freq] F633 [Fault 3 Freq] F635 [Fault 5 Freq],"Chapter 3 Programming and Parameters
Fault and Diagnostic Group (continued)
F631 [Fault 1 Freq]
F633 [Fault 3 Freq]
F635 [Fault 5 Freq]",likely_table_broken,revise,What does PowerFlex parameter F631 [Fault 1 Freq] record?,F631 records the frequency associated with Fault 1 in the Fault and Diagnostic Group.,parameter_or_fault_code,原问题问 F631 indicate，容易误解为故障码；应改为诊断参数含义。
rockwell_powerflex_520_series_user_manual_520_um001_en_e::definition_or_component_lookup::06fefc948dd8,rockwell_powerflex_520_series_user_manual_520_um001_en_e,rockwell_powerflex_520-series_user_manual_520-um001-en-e.pdf,155,155,parameter_and_configuration,definition_or_component_lookup,What does motor refer to on the PowerFlex 520-series drive?,Fault 1 Time-min 621 Fault10 BusVolts(1) 660 Motor Fdbk Type(2) 535 Fault 2 BusVolts 652 Fault10 Code(1) 610 Motor Lm(1) 499 Fault 2 Code 008 Fault10 Current(1) 650 Motor Lx(1) 500 Fault 2 Current 642 Fault10 Freq(1) 640,"Fault 1 Time-min 621 Fault10 BusVolts(1) 660 Motor Fdbk Type(2) 535
Fault 2 BusVolts 652 Fault10 Code(1) 610 Motor Lm(1) 499
Fault 2 Code 008 Fault10 Current(1) 650 Motor Lx(1) 500
Fault 2 Current 642 Fault10 Freq(1) 640 Motor NP FLA 034",definition_fallback_candidate,reject,,,definition_or_component_lookup,证据是参数索引表碎片，无法稳定回答 motor 定义；测试价值低。
rockwell_powerflex_520_series_user_manual_520_um001_en_e::safety_or_constraint::275b207228a2,rockwell_powerflex_520_series_user_manual_520_um001_en_e,rockwell_powerflex_520-series_user_manual_520-um001-en-e.pdf,163,163,safety_and_constraint,safety_or_constraint,What safety precaution or limit should I follow for F091(3) Encoder Loss 2 on the PowerFlex 520-series drive?,ule if fault cannot be cleared. F111(3) Safety Hardware 2 Safety input enable hardware,"ule if fault
cannot be cleared.
F111(3) Safety Hardware 2
Safety input enable hardware",likely_table_broken,reject,,,safety_or_constraint,问题指向 F091 Encoder Loss 2，但答案/证据跳到 F111 Safety Hardware 2，证据不一致。
rockwell_powerflex_520_series_user_manual_520_um001_en_e::troubleshooting_step::70e99f3bf803,rockwell_powerflex_520_series_user_manual_520_um001_en_e,rockwell_powerflex_520-series_user_manual_520-um001-en-e.pdf,206,206,troubleshooting_procedure,troubleshooting_step,How should I troubleshoot Appendix C RS-485 (DSI) Protocol on the PowerFlex 520-series drive?,P046 [Start Source 1] Set to 3 “Serial/DSI” if Start is controlled from the network.,"P046 [Start Source 1] Set to 3 “Serial/DSI” if Start is controlled from the network. page 88
P047 [Speed Reference1] Set to 3 “Serial/DSI” if the Speed Reference is controlled from the
network. page 88
C123 [RS485 Data Rate] Sets the data rate for the RS-485 (DSI) Port. All nodes on the network
must be set to the same data rate. page 102",,revise,Which PowerFlex 520 parameters should be set when Start and Speed Reference are controlled over RS-485 DSI?,"Set P046 [Start Source 1] to 3 ""Serial/DSI"" if Start is controlled from the network. Set P047 [Speed Reference1] to 3 ""Serial/DSI"" if Speed Reference is controlled from the network. C123 [RS485 Data Rate] sets the RS-485 data rate, and all nodes must use the same data rate.",parameter_or_fault_code,原问题说 troubleshoot Appendix C，过泛；改为 RS-485 DSI 相关参数设置。
rockwell_powerflex_520_series_user_manual_520_um001_en_e::troubleshooting_step::be1ebd3588eb,rockwell_powerflex_520_series_user_manual_520_um001_en_e,rockwell_powerflex_520-series_user_manual_520-um001-en-e.pdf,219,219,troubleshooting_procedure,troubleshooting_step,How should I troubleshoot A535 on the PowerFlex 520-series drive?,24V and requires the optional encoder board to be installed.,"24V and requires the optional encoder board to be installed. When A535 [Motor
Fdbk Type] is set to a value other than zero, the drive is set to use an encoder or
pulse train. The drive uses the encoder or pulse train in several ways
depending on the settings of other parameters. The drive uses the encoder or
pulse train as shown below (listed in order of priority):",,revise,What happens when PowerFlex 520 A535 [Motor Fdbk Type] is set to a nonzero value?,"When A535 [Motor Fdbk Type] is set to a value other than zero, the drive is set to use an encoder or pulse train. The related 24V feedback option requires the optional encoder board to be installed.",parameter_or_fault_code,原问题为排查 A535，但证据是参数功能说明；改成参数含义。
rockwell_powerflex_520_series_user_manual_520_um001_en_e::troubleshooting_step::e882ff0b6ede,rockwell_powerflex_520_series_user_manual_520_um001_en_e,rockwell_powerflex_520-series_user_manual_520-um001-en-e.pdf,228,228,troubleshooting_procedure,troubleshooting_step,How should I troubleshoot A560 on the PowerFlex 520-series drive?,IMPORTANT Parameter values set prior to setting 1 “RAM only” are saved in RAM.,IMPORTANT Parameter values set prior to setting 1 “RAM only” are saved in RAM.,,reject,,,troubleshooting_step,证据只有一句 RAM only 保存位置说明，缺少 A560 的完整上下文，不能形成稳定排查样本。
rockwell_powerflex_520_series_user_manual_520_um001_en_e::safety_or_constraint::5e38ae6720f7,rockwell_powerflex_520_series_user_manual_520_um001_en_e,rockwell_powerflex_520-series_user_manual_520-um001-en-e.pdf,240,240,safety_and_constraint,safety_or_constraint,What safety precaution or limit should I follow for Appendix G Safe Torque Off Function on the PowerFlex 520-series drive?,Appendix G Safe Torque Off Function • EN ISO 13849-1 Safety of machinery – Safety related parts of control systems – Part 1: General principles for design. (PowerFlex 525 STO achieves Category 3 / PLd,"Appendix G Safe Torque Off Function
• EN ISO 13849-1 Safety of machinery – Safety related parts of control
systems – Part 1: General principles for design.
(PowerFlex 525 STO achieves Category 3 / PLd",,revise,What safety performance level does the PowerFlex 525 Safe Torque Off function achieve under EN ISO 13849-1?,"Under EN ISO 13849-1, the PowerFlex 525 Safe Torque Off function achieves Category 3 / PLd.",safety_or_constraint,原问题章节化；证据支持 STO 安全等级/性能等级查询。
rockwell_powerflex_520_series_user_manual_520_um001_en_e::safety_or_constraint::c9fd92f6cd02,rockwell_powerflex_520_series_user_manual_520_um001_en_e,rockwell_powerflex_520-series_user_manual_520-um001-en-e.pdf,244,244,safety_and_constraint,safety_or_constraint,What safety precaution or limit should I follow for Appendix G Safe Torque Off Function on the PowerFlex 520-series drive?,Additional protective measures must be applied when an application requires a change to the stop action. Channel Operation and Verification Safety Function,"Additional protective measures must be applied when an application
requires a change to the stop action.
Channel Operation and Verification
Safety Function",,revise,When are additional protective measures required for the PowerFlex 520 Safe Torque Off stop action?,Additional protective measures must be applied when an application requires a change to the stop action.,safety_or_constraint,原问题重复且泛化；改为 STO 停止动作变更时的安全要求。
rockwell_powerflex_520_series_user_manual_520_um001_en_e::troubleshooting_step::589f1748a120,rockwell_powerflex_520_series_user_manual_520_um001_en_e,rockwell_powerflex_520-series_user_manual_520-um001-en-e.pdf,257,257,troubleshooting_procedure,troubleshooting_step,How should I troubleshoot Auto Tune Window on the PowerFlex 520-series drive?,A properly tested motor and drive helps ensure higher starting torque and better performance at low speeds.,"A properly tested motor and drive helps ensure higher starting torque and
better performance at low speeds. Conversely, an improperly performed Auto
Tune can cause the motor to exhibit instability at low speeds, uneven
performances when running through the motor speed range, and can generate
unnecessary faults such as overcurrent and overvoltage faults.",,revise,Why is a properly performed Auto Tune important on a PowerFlex 520-series drive?,"A properly tested motor and drive helps ensure higher starting torque and better low-speed performance. An improperly performed Auto Tune can cause low-speed instability, uneven performance through the speed range, and unnecessary overcurrent or overvoltage faults.",troubleshooting_step,原问题可用但 “Auto Tune Window” 不自然；改成 Auto Tune 影响与故障风险。
rockwell_powerflex_520_series_user_manual_520_um001_en_e::definition_or_component_lookup::04db6171747c,rockwell_powerflex_520_series_user_manual_520_um001_en_e,rockwell_powerflex_520-series_user_manual_520-um001-en-e.pdf,263,263,parameter_and_configuration,definition_or_component_lookup,What does motor refer to on the PowerFlex 520-series drive?,Maximum DC current in amps applied to the motor in order to reset the rotor position of a PM motor.,"Maximum DC current in amps applied to the motor in order to reset the
rotor position of a PM motor.
Alignment has failed when fault F012 (HW Overcurrent) or F013 (Ground
Fault) is observed during acceleration and deceleration.",definition_fallback_candidate,revise,What is the PowerFlex PM motor alignment DC current parameter used for?,It sets the maximum DC current in amps applied to the motor to reset the rotor position of a PM motor.,parameter_or_fault_code,原问题 motor 定义过泛；证据可支持参数用途。
s71200_system_manual::parameter_or_fault_code::1868e13799b3,s71200_system_manual,s71200_system_manual.pdf,93,93,parameter_and_configuration,parameter_or_fault_code,What is supports at least one data type used for on the Siemens S7-1200 PLC?,be interpreted.,"be interpreted. Each instruction parameter supports at least one data type, and some
parameters support multiple data types. Hold the cursor over the parameter field of an
instruction to see which data types are supported for a given parameter.
A formal parameter is the identifier on an instruction that marks the location of data to be
used by that instruction (example: the IN1 input of an ADD instruction). An actual",short_generated_answer,revise,How can you determine which data types are supported by an S7-1200 instruction parameter?,Hold the cursor over the instruction parameter field to see which data types are supported for that parameter.,troubleshooting_step,原答案截断；证据清楚，适合作为操作型问题。
s71200_system_manual::definition_or_component_lookup::bb1d04be8a1a,s71200_system_manual,s71200_system_manual.pdf,130,130,parameter_and_configuration,definition_or_component_lookup,What does controller refer to on the Siemens S7-1200 PLC?,S7-1200 Programmable controller Byte Parameter and data type Description 5 active_est Bool ID for the type of connection:  TCP and ISO-on-TCP:,"S7-1200 Programmable controller
Byte Parameter and data type Description
5 active_est Bool ID for the type of connection:
 TCP and ISO-on-TCP:",definition_fallback_candidate,revise,What does active_est identify for S7-1200 TCP or ISO-on-TCP communication?,The active_est Boolean identifies the type of connection for TCP and ISO-on-TCP communication.,definition_or_component_lookup,原问题 controller 定义错误；证据可支持 active_est 字段含义，但上下文较窄。
s71200_system_manual::parameter_or_fault_code::40e7284e4608,s71200_system_manual,s71200_system_manual.pdf,192,192,parameter_and_configuration,parameter_or_fault_code,What is CD changes from 0 to 1. The CTD timing diagram used for on the Siemens S7-1200 PLC?,The CTD counter counts down by 1 when the value of parameter CD changes from 0 to 1.,"The CTD counter counts down by 1 when the value of
parameter CD changes from 0 to 1. The CTD timing diagram
shows the operation for an unsigned integer count value
(where PV = 3).
 If the value of parameter CV (current count value) is equal",,revise,What does the S7-1200 CTD counter do when parameter CD changes from 0 to 1?,The CTD counter counts down by 1 when the value of parameter CD changes from 0 to 1.,parameter_or_fault_code,原问题由句子碎片拼接而成；改成 CTD 参数行为。
s71200_system_manual::parameter_or_fault_code::0130727a109e,s71200_system_manual,s71200_system_manual.pdf,220,220,parameter_and_configuration,parameter_or_fault_code,What is VALUE should be restricted to used for on the Siemens S7-1200 PLC?,SCALE_X parameter VALUE should be restricted to ( 0.0 <= VALUE <= 1.0 ) If parameter VALUE is less than 0.0 or greater than 1.0:  The linear scaling operation can produce OUT values that are less than the parameter MIN,"SCALE_X parameter VALUE should be restricted to ( 0.0 <= VALUE <= 1.0 )
If parameter VALUE is less than 0.0 or greater than 1.0:
 The linear scaling operation can produce OUT values that are less than the parameter
MIN value or above the parameter MAX value for OUT values that fit within the value
range of the OUT data type. SCALE_X execution sets ENO = TRUE for these cases.",,revise,What range should the S7-1200 SCALE_X parameter VALUE be restricted to?,"SCALE_X parameter VALUE should be restricted to 0.0 <= VALUE <= 1.0. If VALUE is outside this range, the linear scaling operation can produce OUT values below MIN or above MAX, while ENO remains TRUE for these cases.",parameter_or_fault_code,原问题不自然；证据充分，改成参数范围约束。
s71200_system_manual::parameter_or_fault_code::a1494aee2967,s71200_system_manual,s71200_system_manual.pdf,240,240,parameter_and_configuration,parameter_or_fault_code,What is IN to the binary number used for on the Siemens S7-1200 PLC?,The ENCO instruction converts parameter IN to the binary number corresponding to the bit position of the least-significant set bit of parameter IN and returns the result to parameter OUT.,"The ENCO instruction converts parameter IN to the binary number
corresponding to the bit position of the least-significant set bit of
parameter IN and returns the result to parameter OUT. If
parameter IN is either 0000 0001 or 0000 0000, then a value of 0
is returned to parameter OUT. If the parameter IN value is 0000",,revise,What does the S7-1200 ENCO instruction convert parameter IN into?,"The ENCO instruction converts parameter IN to the binary number corresponding to the bit position of the least-significant set bit of IN and returns the result to OUT. If IN is 0000 0001 or 0000 0000, OUT returns 0.",parameter_or_fault_code,原问题句子碎片化；改成 ENCO 指令功能。
s71200_system_manual::parameter_or_fault_code::7759b7854afc,s71200_system_manual,s71200_system_manual.pdf,306,306,alarm_fault_code,parameter_or_fault_code,What does of indicate on the Siemens S7-1200 PLC?,"AddValue_4 UInt Additional value DNN structure With the MODE parameter = 2, the diagnostics information details are output in accordance with the DNN structure.","AddValue_4 UInt Additional value
DNN structure
With the MODE parameter = 2, the diagnostics information details are output in accordance
with the DNN structure. The following table shows the meaning of the individual parameter
values:",likely_table_broken,revise,"With MODE = 2, how is S7-1200 diagnostics information output?","With MODE = 2, the diagnostics information details are output according to the DNN structure.",parameter_or_fault_code,原问题“What does of indicate”无意义；证据可修复为 MODE=2 诊断输出。
s71200_system_manual::symptom_cause::fceda48eec6d,s71200_system_manual,s71200_system_manual.pdf,320,320,alarm_fault_code,symptom_cause,What could cause value on the Siemens S7-1200 PLC?,REQ IN Bool A low to high (posit ive edge) signal starts the operation.,"REQ IN Bool A low to high (posit ive edge) signal starts the operation. (Default value: False)
ID In/Out DWord Numeri c identifier of a data log. Only used as an input for the DataLogClose
instruction. (Default value: 0)
Note: Symbolic name access for this parameter is not allowed.
DONE OUT Bool The DONE bit is T RUE for one scan after the last request was completed with",,reject,,,symptom_cause,问题主体只有 “value”，证据是参数表行，不能作为故障原因样本。
s71200_system_manual::troubleshooting_step::d71ccc9c68e1,s71200_system_manual,s71200_system_manual.pdf,379,379,troubleshooting_procedure,troubleshooting_step,How should I troubleshoot 9.3 Motion control on the Siemens S7-1200 PLC?,"To acknowledge an error with MC_Reset, follow these steps: 1.","To acknowledge an error with MC_Reset, follow these steps:
1. Check the requirements indicated above.
2. Start the acknowledgement of the error with a rising edge at the Execute input parameter.
3. The error has been acknowledged when Done equals TRUE and the technology object
tag <Axis name>.StatusBits.Error equals FALSE.",,revise,How do you acknowledge a motion control error with MC_Reset on an S7-1200 PLC?,"Check the indicated requirements, start error acknowledgement with a rising edge at the Execute input parameter, and confirm acknowledgement when Done equals TRUE and <Axis name>.StatusBits.Error equals FALSE.",troubleshooting_step,原答案截断；证据支持完整 MC_Reset 确认步骤。
s71200_system_manual::troubleshooting_step::f64c64f1372b,s71200_system_manual,s71200_system_manual.pdf,388,388,troubleshooting_procedure,troubleshooting_step,How should I troubleshoot Direction IN Int Direction specification on the Siemens S7-1200 PLC?,"Direction IN Int Direction specification:  0: Direction of rotation corresponds to the sign of the value in parameter ""Velocity"" (Default value)  1: Positive direction of rotation (The sign of the value in","Direction IN Int Direction specification:
 0: Direction of rotation corresponds to the sign of the value in
parameter ""Velocity"" (Default value)
 1: Positive direction of rotation (The sign of the value in",,revise,What does the Direction input specify for S7-1200 motion control?,"The Direction input specifies the direction of rotation. Value 0 means the direction corresponds to the sign of the Velocity parameter by default, and value 1 indicates positive direction of rotation.",parameter_or_fault_code,原问题误写为 troubleshoot；证据是 Direction 参数说明。
s71200_system_manual::parameter_or_fault_code::6bc4cfc649e7,s71200_system_manual,s71200_system_manual.pdf,410,410,parameter_and_configuration,parameter_or_fault_code,Which setting or parameter matters for 9.3.6 Monitoring active commands on the Siemens S7-1200 PLC?,"by the value TRUE in output parameter ""Done"".","by the value TRUE in output parameter ""Done"". The signal status of input parameter
""Execute"" influences the display duration in the output parameter ""Done"".
● The second example shows the behavior of the axis for an aborted task. If the motion
control task is aborted during execution, this is indicated by the value TRUE in output
parameter ""CommandAborted"". The signal status of the input parameter ""Execute""",,revise,How are completed and aborted S7-1200 motion control commands indicated?,"A completed motion control task is indicated by TRUE in the output parameter Done. If the task is aborted during execution, it is indicated by TRUE in output parameter CommandAborted.",parameter_or_fault_code,原问题章节化；改成 Done/CommandAborted 输出含义。
s71200_system_manual::troubleshooting_step::34eb0a96ac23,s71200_system_manual,s71200_system_manual.pdf,436,436,troubleshooting_procedure,troubleshooting_step,How should I troubleshoot Note on the Siemens S7-1200 PLC?,successfully.,"successfully. It does not mean that the connection partner CPU actually read the receive
buffer.
Due to the asynchronous processing of TRCV_C, the data in the receiver area are only
consistent when parameter DONE = 1.
Table 10- 5 TSEND_C and TRCV_C i nstructions BUSY, DONE, and ERROR parameters",short_generated_answer,revise,What does DONE = 1 mean for TRCV_C receive data consistency on the S7-1200?,"Because TRCV_C is processed asynchronously, the receiver area data is only consistent when DONE = 1. A completed request does not necessarily mean the partner CPU has read the receive buffer.",troubleshooting_step,原问题 Note 太泛；证据清楚，可保留。
s71200_system_manual::parameter_or_fault_code::ab001aa38467,s71200_system_manual,s71200_system_manual.pdf,531,531,alarm_fault_code,parameter_or_fault_code,Which setting or parameter matters for 11.3 User-defined web pages on the Siemens S7-1200 PLC?,"<!-- AWP_Enum_Def Name='AlarmEnum' Values='0:""No alarms"", 1:""Tank is full"", 2:""Tank is empty""' --> <!-- AWP_Enum_Ref Name='""Alarm""' Enum=""AlarmEnum"" --> <p>The current value of ""Alarm"" is :=""Alarm"":</p> If the value of ""","<!-- AWP_Enum_Def Name='AlarmEnum' Values='0:""No alarms"", 1:""Tank is
full"", 2:""Tank is empty""' -->
<!-- AWP_Enum_Ref Name='""Alarm""' Enum=""AlarmEnum"" -->
<p>The current value of ""Alarm"" is :=""Alarm"":</p>
If the value of ""Alarm"" in the CPU is 2, the HTML page displays 'The current value of ""Alarm""",,revise,How can an AlarmEnum be defined and referenced in an S7-1200 user-defined web page?,"Use AWP_Enum_Def to define values such as 0:""No alarms"", 1:""Tank is full"", and 2:""Tank is empty"", and use AWP_Enum_Ref to reference the Alarm variable so the web page displays the corresponding text for the current Alarm value.",parameter_or_fault_code,原问题过泛；证据可支持 AWP 枚举定义/引用问题。
s71200_system_manual::definition_or_component_lookup::26aa72899657,s71200_system_manual,s71200_system_manual.pdf,609,609,parameter_and_configuration,definition_or_component_lookup,What does drive refer to on the Siemens S7-1200 PLC?,drive.,"drive. You must configure this on the drive. (optional parameter)
CTRL4 IN Word Control word 4: A value written to a user-configurable parameter on the
drive. You must configure this on the drive. (optional parameter)
CTRL5 IN Word Control word 5: A value written to a user-configurable parameter on the",definition_fallback_candidate; short_generated_answer,revise,What are CTRL4 and CTRL5 used for in S7-1200 drive communication?,CTRL4 and CTRL5 are optional control words written to user-configurable parameters on the drive; these parameters must be configured on the drive.,definition_or_component_lookup,原问题 drive 定义错误；证据可支持控制字用途。
s71200_system_manual::symptom_cause::4bbda5cab4b9,s71200_system_manual,s71200_system_manual.pdf,623,623,alarm_fault_code,symptom_cause,What could cause value on the Siemens S7-1200 PLC?,"andard global DB or a M memory address. DONE OUT Bool The DONE bit is TRUE for one scan, after the last request was completed with no error.","andard global
DB or a M memory address.
DONE OUT Bool The DONE bit is TRUE for one scan, after the last request was completed
with no error.",likely_table_broken,reject,,,symptom_cause,问题主体 value 无意义，答案是表格碎片，且与 DONE 语义样本重复；不建议保留。
s71200_system_manual::troubleshooting_step::c501fece0a50,s71200_system_manual,s71200_system_manual.pdf,670,670,troubleshooting_procedure,troubleshooting_step,How should I troubleshoot Description on the Siemens S7-1200 PLC?,PROFINET open user communication instructions.,"PROFINET open user communication instructions.
8010 xxxx Failed to connect: For more information about the SFC_STATUS parameter, see
the STATUS parameter of the TCON instruction.
8011 xxxx Error sending data: For more information about SFC_STATUS parameter ,see
the STATUS parameter of the TSEND instruction.",,revise,What do S7-1200 PROFINET open user communication status codes 8010 and 8011 indicate?,"Status code 8010 indicates a failed connection, and status code 8011 indicates an error sending data. The manual refers users to the STATUS parameter of TCON for 8010 and TSEND for 8011.",parameter_or_fault_code,原问题“Description”无意义；证据实际是 PROFINET OUC 状态码说明。
