sample_id,question,gold_answer,generated_answer,faithfulness_supported_by_cited,correctness_verdict,judge_reasoning_short
rag_003,What should be done before taking any action on an ABB machine?,The machine documentation should be studied carefully before any actions are taken. The manual and safety instructions are delivered with each machine and are located in a plastic cover attached to the machine frame.,"Before taking any action on an ABB machine, carefully study all provided documentation, including the user manual, safety instructions, connection diagrams, and data sheets [chunk:1][chunk:3]. Thoroughly plan the electrical installation, verify that the supply voltage, frequency, and protective earth connections match the machine's rating plate and local regulations, and ensure all earthing cables are securely connected [chunk:2][chunk:8]. Always disconnect and lock out the power switch, confirm that no explosive atmosphere is present, and prevent shaft rotation before opening any terminal boxes [chunk:6][chunk:9]. Finally, ensure that only trained and authorized personnel perform the work, and conduct a visual inspection to verify that all necessary checks and adjustments are complete [chunk:3][chunk:5].",1.0,partially_correct,"The generated answer correctly mentions studying documentation before any actions, which matches the core requirement."
rag_021,"What does Alarm 5.423, 6.423, or 7.423 indicate on a Haas rotary unit?","It indicates an A, B, or C axis secondary encoder position mismatch.","Alarm 5.423, 6.423, or 7.423 indicates an A, B, or C axis secondary encoder position mismatch [chunk:1].",1.0,correct,"The generated answer exactly matches the gold answer: 'Alarm 5.423, 6.423, or 7.423 indicates an A, B, or C axis secondary encoder position mismatch.' It is fully supported by the retrieved chunk 1 (and the gold evidence), which contains the exact quote 'Alarm 5.423, 6.423 or
7.423 A, B or C AXIS
SECONDARY
ENCODER POSITION
MISMATCH'."
rag_001,What general safety requirements must be followed when working on the ABB motor?,"General safety regulations, work-site-specific agreements, and the safety precautions in the document must always be observed. If these safety instructions conflict with the user manual, the safety instructions prevail.","Working on the ABB motor requires highly qualified and trained personnel to strictly follow general electrical safety precautions and local regulations [chunk:1][chunk:3][chunk:4]. Prior to any maintenance, the machine must be fully de-energized, verified as safely isolated from the supply, locked out against reclosing, and properly earthed or shorted [chunk:2][chunk:3]. Technicians must also de-energize auxiliary circuits, prevent shaft rotation to eliminate induced voltage risks, and confirm that no explosive atmosphere is present in hazardous zones [chunk:3][chunk:5][chunk:7]. Furthermore, manufacturer-installed earthing cables must never be removed, terminal box clearances must not be altered, and unauthorized component substitutions are prohibited to preserve safety ratings [chunk:7][chunk:8].",1.0,partially_correct,"The gold answer defines general safety requirements as three categories: general safety regulations, site-specific agreements, and the safety precautions in the document, with a note that safety instructions prevail over the user manual if conflicts arise."
rag_033,What connection issues can make Haas rotary serial data unreliable?,Loose connectors at the PCB or motor encoder can make serial data unreliable. Loose ground or high-voltage power connectors can also induce noise into the system.,"Loose encoder data connectors at the PCB or motor encoder can directly cause the serial data signal to become unreliable [chunk:1][chunk:2]. Serial communication faults may also occur if cables are not connected correctly or if the internal rotary scale interface wires lack a secure crimp [chunk:3][chunk:9]. Additionally, loose ground or high voltage power connectors can induce electrical noise that disrupts the serial data transmission [chunk:1].",1.0,correct,"The generated answer accurately captures both core connection issues mentioned in the gold answer: (1) loose connectors at PCB or motor encoder making serial data unreliable, and (2) loose ground/high-voltage power connectors inducing noise."
rag_054,What does the S7-1200 CTD counter do when parameter CD changes from 0 to 1?,The CTD counter counts down by 1 when the value of parameter CD changes from 0 to 1.,"When the parameter CD changes from 0 to 1, the S7-1200 CTD counter decrements its current count value by 1 [chunk:1].",1.0,correct,The generated answer accurately states that the CTD counter decrements its current count value by 1 when parameter CD changes from 0 to 1.
